{
    "metrics": {
        "data_sent": {
            "count": 338500,
            "rate": 55950.68511572602
        },
        "data_received": {
            "count": 2261630,
            "rate": 373824.9570997915
        },
        "http_req_connecting": {
            "p(90)": 43.90814,
            "p(95)": 45.461405,
            "avg": 31.755305599999982,
            "min": 1.9828,
            "med": 35.2064,
            "max": 68.4651
        },
        "http_req_tls_handshaking": {
            "p(95)": 298.4853749999999,
            "avg": 110.57755820000007,
            "min": 7.5828,
            "med": 59.8621,
            "max": 326.6656,
            "p(90)": 267.05412000000007
        },
        "http_reqs": {
            "count": 500,
            "rate": 82.64502971303695
        },
        "checks": {
            "passes": 500,
            "fails": 5500,
            "value": 0.08333333333333333
        },
        "iteration_duration": {
            "avg": 2013.9761129999993,
            "min": 1165.9773,
            "med": 1430.33775,
            "max": 6034.9408,
            "p(90)": 4802.59228,
            "p(95)": 5626.97034
        },
        "http_req_failed": {
            "fails": 102,
            "passes": 398,
            "value": 0.796
        },
        "iterations": {
            "count": 500,
            "rate": 82.64502971303695
        },
        "http_req_duration": {
            "avg": 800.5330887999997,
            "min": 2.9973,
            "med": 162.77675,
            "max": 4905.4517,
            "p(90)": 3699.16313,
            "p(95)": 4504.008054999999
        },
        "http_req_duration{expected_response:true}": {
            "avg": 3431.732194117647,
            "min": 520.8535,
            "med": 3678.1529499999997,
            "max": 4905.4517,
            "p(90)": 4783.01611,
            "p(95)": 4845.39118
        },
        "http_req_waiting": {
            "med": 162.77675,
            "max": 4905.4517,
            "p(90)": 3699.15721,
            "p(95)": 4501.157769999999,
            "avg": 799.4834091999999,
            "min": 2.8382
        },
        "http_req_receiving": {
            "min": 0,
            "med": 0,
            "max": 17.003,
            "p(90)": 1.8574700000000037,
            "p(95)": 4.023759999999993,
            "avg": 0.6954586000000004
        },
        "vus": {
            "value": 15,
            "min": 15,
            "max": 500
        },
        "vus_max": {
            "value": 500,
            "min": 500,
            "max": 500
        },
        "http_req_sending": {
            "p(95)": 1.001905,
            "avg": 0.35422100000000006,
            "min": 0,
            "med": 0,
            "max": 12.0006,
            "p(90)": 1.0004
        },
        "http_req_blocked": {
            "min": 99.4117,
            "med": 186.76670000000001,
            "max": 420.0639,
            "p(90)": 358.0504900000001,
            "p(95)": 393.2252499999999,
            "avg": 213.03712840000009
        }
    },
    "root_group": {
        "name": "",
        "path": "",
        "id": "d41d8cd98f00b204e9800998ecf8427e",
        "groups": {},
        "checks": {
                "200 OK": {
                    "name": "200 OK",
                    "path": "::200 OK",
                    "id": "e9654c443eff553da9e69eda7007924e",
                    "passes": 102,
                    "fails": 398
                },
                "201 Created": {
                    "path": "::201 Created",
                    "id": "728dcd977aae263ca314731145e1d447",
                    "passes": 0,
                    "fails": 500,
                    "name": "201 Created"
                },
                "204 No Content": {
                    "name": "204 No Content",
                    "path": "::204 No Content",
                    "id": "54fa3c2eda34e1622fda2da5e0479fc5",
                    "passes": 0,
                    "fails": 500
                },
                "400 Bad Request": {
                    "name": "400 Bad Request",
                    "path": "::400 Bad Request",
                    "id": "eeae81934b9b58bccaf0184a6d070338",
                    "passes": 0,
                    "fails": 500
                },
                "401 Unauthorized": {
                    "name": "401 Unauthorized",
                    "path": "::401 Unauthorized",
                    "id": "6ae9254e6aefe7f0bafe5102fa7e20a5",
                    "passes": 0,
                    "fails": 500
                },
                "403 Forbidden": {
                    "passes": 0,
                    "fails": 500,
                    "name": "403 Forbidden",
                    "path": "::403 Forbidden",
                    "id": "655548b761742c5a7ad15aa7df3a5d9c"
                },
                "404 Not Found": {
                    "path": "::404 Not Found",
                    "id": "df1528f9925ca236bac51008f77b774a",
                    "passes": 0,
                    "fails": 500,
                    "name": "404 Not Found"
                },
                "429 Too Many Requests": {
                    "path": "::429 Too Many Requests",
                    "id": "b810c35b9499cc7342fd415032e3a6aa",
                    "passes": 398,
                    "fails": 102,
                    "name": "429 Too Many Requests"
                },
                "500 Internal Server Error": {
                    "name": "500 Internal Server Error",
                    "path": "::500 Internal Server Error",
                    "id": "3cd96245b24e869810efe46d533b0eef",
                    "passes": 0,
                    "fails": 500
                },
                "502 Bad Gateway": {
                    "passes": 0,
                    "fails": 500,
                    "name": "502 Bad Gateway",
                    "path": "::502 Bad Gateway",
                    "id": "712cb0ec189a11f31f0d6d0c0031b569"
                },
                "503 Service Unavailable": {
                    "name": "503 Service Unavailable",
                    "path": "::503 Service Unavailable",
                    "id": "f1ea1a22be0dc738c385523a66ea1cd9",
                    "passes": 0,
                    "fails": 500
                },
                "504 Gateway Timeout": {
                    "name": "504 Gateway Timeout",
                    "path": "::504 Gateway Timeout",
                    "id": "218efb729cb654723ccd57c6ebbebe29",
                    "passes": 0,
                    "fails": 500
                }
            }
    }
}