{
    "metrics": {
        "http_req_sending": {
            "med": 0,
            "max": 2.5249,
            "p(90)": 0.5439299999999999,
            "p(95)": 0.5650399999999999,
            "avg": 0.1302745,
            "min": 0
        },
        "data_received": {
            "count": 906845,
            "rate": 161918.36241309237
        },
        "vus_max": {
            "max": 200,
            "value": 200,
            "min": 200
        },
        "http_req_blocked": {
            "max": 191.1433,
            "p(90)": 156.69044,
            "p(95)": 165.00530999999992,
            "avg": 92.523076,
            "min": 38.062,
            "med": 82.10605000000001
        },
        "checks": {
            "passes": 200,
            "fails": 2200,
            "value": 0.08333333333333333
        },
        "http_req_duration": {
            "avg": 1493.6717450000008,
            "min": 6.2222,
            "med": 613.0373,
            "max": 4512.355,
            "p(90)": 3999.9431899999995,
            "p(95)": 4255.150464999999
        },
        "http_req_duration{expected_response:true}": {
            "min": 567.7587,
            "med": 3044.8628,
            "max": 4512.355,
            "p(90)": 4252.20982,
            "p(95)": 4386.64841,
            "avg": 2866.050869607845
        },
        "iterations": {
            "rate": 35.710261932985766,
            "count": 200
        },
        "vus": {
            "value": 25,
            "min": 25,
            "max": 200
        },
        "iteration_duration": {
            "min": 1161.2485,
            "med": 1686.81275,
            "max": 5592.6613,
            "p(90)": 5054.996649999999,
            "p(95)": 5332.898109999999,
            "avg": 2587.0731659999983
        },
        "http_reqs": {
            "rate": 35.710261932985766,
            "count": 200
        },
        "data_sent": {
            "count": 135800,
            "rate": 24247.267852497334
        },
        "http_req_connecting": {
            "max": 15.8941,
            "p(90)": 11.75508,
            "p(95)": 13.249719999999995,
            "avg": 8.255312000000005,
            "min": 3.8208,
            "med": 7.7963000000000005
        },
        "http_req_waiting": {
            "min": 5.9394,
            "med": 613.0373,
            "max": 4512.2147,
            "p(90)": 3999.9431899999995,
            "p(95)": 4255.150464999999,
            "avg": 1493.4737805000002
        },
        "http_req_tls_handshaking": {
            "p(90)": 110.85431,
            "p(95)": 122.40935499999999,
            "avg": 51.60540499999998,
            "min": 7.0628,
            "med": 41.11965,
            "max": 149.3703
        },
        "http_req_receiving": {
            "min": 0,
            "med": 0,
            "max": 1.0328,
            "p(90)": 0.0654099999999994,
            "p(95)": 0.536165,
            "avg": 0.06769
        },
        "http_req_failed": {
            "passes": 98,
            "fails": 102,
            "value": 0.49
        }
    },
    "root_group": {
        "name": "",
        "path": "",
        "id": "d41d8cd98f00b204e9800998ecf8427e",
        "groups": {},
        "checks": {
                "200 OK": {
                    "name": "200 OK",
                    "path": "::200 OK",
                    "id": "e9654c443eff553da9e69eda7007924e",
                    "passes": 102,
                    "fails": 98
                },
                "201 Created": {
                    "name": "201 Created",
                    "path": "::201 Created",
                    "id": "728dcd977aae263ca314731145e1d447",
                    "passes": 0,
                    "fails": 200
                },
                "204 No Content": {
                    "path": "::204 No Content",
                    "id": "54fa3c2eda34e1622fda2da5e0479fc5",
                    "passes": 0,
                    "fails": 200,
                    "name": "204 No Content"
                },
                "400 Bad Request": {
                    "id": "eeae81934b9b58bccaf0184a6d070338",
                    "passes": 0,
                    "fails": 200,
                    "name": "400 Bad Request",
                    "path": "::400 Bad Request"
                },
                "401 Unauthorized": {
                    "name": "401 Unauthorized",
                    "path": "::401 Unauthorized",
                    "id": "6ae9254e6aefe7f0bafe5102fa7e20a5",
                    "passes": 0,
                    "fails": 200
                },
                "403 Forbidden": {
                    "name": "403 Forbidden",
                    "path": "::403 Forbidden",
                    "id": "655548b761742c5a7ad15aa7df3a5d9c",
                    "passes": 0,
                    "fails": 200
                },
                "404 Not Found": {
                    "passes": 0,
                    "fails": 200,
                    "name": "404 Not Found",
                    "path": "::404 Not Found",
                    "id": "df1528f9925ca236bac51008f77b774a"
                },
                "429 Too Many Requests": {
                    "passes": 98,
                    "fails": 102,
                    "name": "429 Too Many Requests",
                    "path": "::429 Too Many Requests",
                    "id": "b810c35b9499cc7342fd415032e3a6aa"
                },
                "500 Internal Server Error": {
                    "name": "500 Internal Server Error",
                    "path": "::500 Internal Server Error",
                    "id": "3cd96245b24e869810efe46d533b0eef",
                    "passes": 0,
                    "fails": 200
                },
                "502 Bad Gateway": {
                    "path": "::502 Bad Gateway",
                    "id": "712cb0ec189a11f31f0d6d0c0031b569",
                    "passes": 0,
                    "fails": 200,
                    "name": "502 Bad Gateway"
                },
                "503 Service Unavailable": {
                    "name": "503 Service Unavailable",
                    "path": "::503 Service Unavailable",
                    "id": "f1ea1a22be0dc738c385523a66ea1cd9",
                    "passes": 0,
                    "fails": 200
                },
                "504 Gateway Timeout": {
                    "name": "504 Gateway Timeout",
                    "path": "::504 Gateway Timeout",
                    "id": "218efb729cb654723ccd57c6ebbebe29",
                    "passes": 0,
                    "fails": 200
                }
            }
    }
}