{
    "metrics": {
        "http_req_connecting": {
            "p(90)": 374.39094,
            "p(95)": 402.46066,
            "avg": 200.7199294139609,
            "min": 1.9965,
            "med": 197.0648,
            "max": 422.564
        },
        "http_req_receiving": {
            "avg": 2.5464563269876757,
            "min": 0,
            "med": 0,
            "max": 148.0769,
            "p(90)": 4.286000000000008,
            "p(95)": 9.023959999999983
        },
        "data_received": {
            "count": 12061969,
            "rate": 2514887.486225889
        },
        "iterations": {
            "count": 2679,
            "rate": 558.5641594336013
        },
        "http_req_duration": {
            "avg": 492.6105185890261,
            "min": 32.2051,
            "med": 376.374,
            "max": 1412.4822,
            "p(90)": 1097.33138,
            "p(95)": 1225.8006799999998
        },
        "http_req_tls_handshaking": {
            "p(90)": 846.9253600000002,
            "p(95)": 1005.20895,
            "avg": 372.48827357222825,
            "min": 6.5537,
            "med": 267.8682,
            "max": 1301.1968
        },
        "http_req_sending": {
            "avg": 0.6368917133258684,
            "min": 0,
            "med": 0,
            "max": 143.3817,
            "p(90)": 1.0009,
            "p(95)": 1.01533
        },
        "checks": {
            "passes": 2679,
            "fails": 29469,
            "value": 0.08333333333333333
        },
        "http_req_duration{expected_response:true}": {
            "med": 376.374,
            "max": 1412.4822,
            "p(90)": 1097.33138,
            "p(95)": 1225.8006799999998,
            "avg": 492.6105185890261,
            "min": 32.2051
        },
        "http_req_blocked": {
            "med": 534.6116,
            "max": 1623.0536,
            "p(90)": 1128.0729000000001,
            "p(95)": 1257.1396099999997,
            "avg": 580.2594996640524,
            "min": 14.5522
        },
        "http_req_waiting": {
            "med": 373.6202,
            "max": 1407.4829,
            "p(90)": 1095.7337200000006,
            "p(95)": 1223.60724,
            "avg": 489.42717054871247,
            "min": 31.1898
        },
        "vus": {
            "max": 2657,
            "value": 427,
            "min": 427
        },
        "data_sent": {
            "count": 1811004,
            "rate": 377589.3717771145
        },
        "http_reqs": {
            "count": 2679,
            "rate": 558.5641594336013
        },
        "iteration_duration": {
            "avg": 3176.1644524076146,
            "min": 1103.0511,
            "med": 3035.8143,
            "max": 4454.1489,
            "p(90)": 4064.54836,
            "p(95)": 4191.69868
        },
        "vus_max": {
            "value": 3000,
            "min": 3000,
            "max": 3000
        },
        "http_req_failed": {
            "passes": 0,
            "fails": 2679,
            "value": 0
        }
    },
    "root_group": {
        "checks": {
            "200 OK": {
                "passes": 2679,
                "fails": 0,
                "name": "200 OK",
                "path": "::200 OK",
                "id": "e9654c443eff553da9e69eda7007924e"
            },
            "201 Created": {
                "name": "201 Created",
                "path": "::201 Created",
                "id": "728dcd977aae263ca314731145e1d447",
                "passes": 0,
                "fails": 2679
            },
            "204 No Content": {
                "name": "204 No Content",
                "path": "::204 No Content",
                "id": "54fa3c2eda34e1622fda2da5e0479fc5",
                "passes": 0,
                "fails": 2679
            },
            "400 Bad Request": {
                "passes": 0,
                "fails": 2679,
                "name": "400 Bad Request",
                "path": "::400 Bad Request",
                "id": "eeae81934b9b58bccaf0184a6d070338"
            },
            "401 Unauthorized": {
                "name": "401 Unauthorized",
                "path": "::401 Unauthorized",
                "id": "6ae9254e6aefe7f0bafe5102fa7e20a5",
                "passes": 0,
                "fails": 2679
            },
            "403 Forbidden": {
                "name": "403 Forbidden",
                "path": "::403 Forbidden",
                "id": "655548b761742c5a7ad15aa7df3a5d9c",
                "passes": 0,
                "fails": 2679
            },
            "404 Not Found": {
                "path": "::404 Not Found",
                "id": "df1528f9925ca236bac51008f77b774a",
                "passes": 0,
                "fails": 2679,
                "name": "404 Not Found"
            },
            "429 Too Many Requests": {
                "name": "429 Too Many Requests",
                "path": "::429 Too Many Requests",
                "id": "b810c35b9499cc7342fd415032e3a6aa",
                "passes": 0,
                "fails": 2679
            },
            "500 Internal Server Error": {
                "passes": 0,
                "fails": 2679,
                "name": "500 Internal Server Error",
                "path": "::500 Internal Server Error",
                "id": "3cd96245b24e869810efe46d533b0eef"
            },
            "502 Bad Gateway": {
                "passes": 0,
                "fails": 2679,
                "name": "502 Bad Gateway",
                "path": "::502 Bad Gateway",
                "id": "712cb0ec189a11f31f0d6d0c0031b569"
            },
            "503 Service Unavailable": {
                "name": "503 Service Unavailable",
                "path": "::503 Service Unavailable",
                "id": "f1ea1a22be0dc738c385523a66ea1cd9",
                "passes": 0,
                "fails": 2679
            },
            "504 Gateway Timeout": {
                "name": "504 Gateway Timeout",
                "path": "::504 Gateway Timeout",
                "id": "218efb729cb654723ccd57c6ebbebe29",
                "passes": 0,
                "fails": 2679
            }
        },
        "name": "",
        "path": "",
        "id": "d41d8cd98f00b204e9800998ecf8427e",
        "groups": {}
    }
}