{
    "metrics": {
        "http_req_duration{expected_response:true}": {
            "avg": 1323.4953300400036,
            "min": 31.3201,
            "med": 1048.06845,
            "max": 3493.4994,
            "p(90)": 2830.73579,
            "p(95)": 3019.3349300000004
        },
        "data_received": {
            "count": 22500329,
            "rate": 4397252.066424192
        },
        "http_req_connecting": {
            "max": 352.913,
            "p(90)": 275.91131,
            "p(95)": 280.912,
            "avg": 243.18219994000023,
            "min": 72.8866,
            "med": 256.91305
        },
        "http_req_waiting": {
            "med": 1046.06645,
            "max": 3493.4994,
            "p(90)": 2830.4552000000003,
            "p(95)": 3019.3336950000003,
            "avg": 1322.2267382600023,
            "min": 31.3201
        },
        "http_req_failed": {
            "fails": 5000,
            "passes": 0,
            "value": 0
        },
        "vus_max": {
            "value": 5000,
            "min": 5000,
            "max": 5000
        },
        "http_req_blocked": {
            "avg": 1242.6470774600002,
            "min": 321.8832,
            "med": 913.3512499999999,
            "max": 3533.7513,
            "p(90)": 2672.8636300000007,
            "p(95)": 2925.3997750000003
        },
        "iterations": {
            "count": 5000,
            "rate": 977.1528377261044
        },
        "vus": {
            "value": 2433,
            "min": 1823,
            "max": 5000
        },
        "checks": {
            "passes": 5000,
            "fails": 55000,
            "value": 0.08333333333333333
        },
        "http_reqs": {
            "count": 5000,
            "rate": 977.1528377261044
        },
        "http_req_duration": {
            "avg": 1323.4953300400036,
            "min": 31.3201,
            "med": 1048.06845,
            "max": 3493.4994,
            "p(90)": 2830.73579,
            "p(95)": 3019.3349300000004
        },
        "http_req_tls_handshaking": {
            "avg": 953.4509330399983,
            "min": 130.0009,
            "med": 641.5563999999999,
            "max": 3220.1482,
            "p(90)": 2322.432730000001,
            "p(95)": 2620.260155
        },
        "http_req_receiving": {
            "p(95)": 4.00031,
            "avg": 1.0353653400000011,
            "min": 0,
            "med": 0,
            "max": 22.9991,
            "p(90)": 2.9996
        },
        "data_sent": {
            "rate": 660555.3183028466,
            "count": 3380000
        },
        "iteration_duration": {
            "p(90)": 4833.35105,
            "p(95)": 4918.82172,
            "avg": 3567.721108519996,
            "min": 1709.5023,
            "med": 2933.95965,
            "max": 5093.9642
        },
        "http_req_sending": {
            "med": 0,
            "max": 15.6686,
            "p(90)": 0.9996,
            "p(95)": 1.0013,
            "avg": 0.23322644000000037,
            "min": 0
        }
    },
    "root_group": {
        "name": "",
        "path": "",
        "id": "d41d8cd98f00b204e9800998ecf8427e",
        "groups": {},
        "checks": {
                "200 OK": {
                    "fails": 0,
                    "name": "200 OK",
                    "path": "::200 OK",
                    "id": "e9654c443eff553da9e69eda7007924e",
                    "passes": 5000
                },
                "201 Created": {
                    "id": "728dcd977aae263ca314731145e1d447",
                    "passes": 0,
                    "fails": 5000,
                    "name": "201 Created",
                    "path": "::201 Created"
                },
                "204 No Content": {
                    "name": "204 No Content",
                    "path": "::204 No Content",
                    "id": "54fa3c2eda34e1622fda2da5e0479fc5",
                    "passes": 0,
                    "fails": 5000
                },
                "400 Bad Request": {
                    "passes": 0,
                    "fails": 5000,
                    "name": "400 Bad Request",
                    "path": "::400 Bad Request",
                    "id": "eeae81934b9b58bccaf0184a6d070338"
                },
                "401 Unauthorized": {
                    "name": "401 Unauthorized",
                    "path": "::401 Unauthorized",
                    "id": "6ae9254e6aefe7f0bafe5102fa7e20a5",
                    "passes": 0,
                    "fails": 5000
                },
                "403 Forbidden": {
                    "name": "403 Forbidden",
                    "path": "::403 Forbidden",
                    "id": "655548b761742c5a7ad15aa7df3a5d9c",
                    "passes": 0,
                    "fails": 5000
                },
                "404 Not Found": {
                    "name": "404 Not Found",
                    "path": "::404 Not Found",
                    "id": "df1528f9925ca236bac51008f77b774a",
                    "passes": 0,
                    "fails": 5000
                },
                "429 Too Many Requests": {
                    "fails": 5000,
                    "name": "429 Too Many Requests",
                    "path": "::429 Too Many Requests",
                    "id": "b810c35b9499cc7342fd415032e3a6aa",
                    "passes": 0
                },
                "500 Internal Server Error": {
                    "name": "500 Internal Server Error",
                    "path": "::500 Internal Server Error",
                    "id": "3cd96245b24e869810efe46d533b0eef",
                    "passes": 0,
                    "fails": 5000
                },
                "502 Bad Gateway": {
                    "name": "502 Bad Gateway",
                    "path": "::502 Bad Gateway",
                    "id": "712cb0ec189a11f31f0d6d0c0031b569",
                    "passes": 0,
                    "fails": 5000
                },
                "503 Service Unavailable": {
                    "name": "503 Service Unavailable",
                    "path": "::503 Service Unavailable",
                    "id": "f1ea1a22be0dc738c385523a66ea1cd9",
                    "passes": 0,
                    "fails": 5000
                },
                "504 Gateway Timeout": {
                    "passes": 0,
                    "fails": 5000,
                    "name": "504 Gateway Timeout",
                    "path": "::504 Gateway Timeout",
                    "id": "218efb729cb654723ccd57c6ebbebe29"
                }
            }
    }
}