{
    "metrics": {
        "http_req_blocked": {
            "p(90)": 48.7972,
            "p(95)": 48.7972,
            "avg": 48.7972,
            "min": 48.7972,
            "med": 48.7972,
            "max": 48.7972
        },
        "http_req_tls_handshaking": {
            "min": 7.1807,
            "med": 7.1807,
            "max": 7.1807,
            "p(90)": 7.1807,
            "p(95)": 7.1807,
            "avg": 7.1807
        },
        "http_req_duration": {
            "avg": 42.9321,
            "min": 42.9321,
            "med": 42.9321,
            "max": 42.9321,
            "p(90)": 42.9321,
            "p(95)": 42.9321
        },
        "iteration_duration": {
            "p(95)": 1093.5958,
            "avg": 1093.5958,
            "min": 1093.5958,
            "med": 1093.5958,
            "max": 1093.5958,
            "p(90)": 1093.5958
        },
        "http_req_sending": {
            "avg": 0.5485,
            "min": 0.5485,
            "med": 0.5485,
            "max": 0.5485,
            "p(90)": 0.5485,
            "p(95)": 0.5485
        },
        "http_req_connecting": {
            "avg": 3.4079,
            "min": 3.4079,
            "med": 3.4079,
            "max": 3.4079,
            "p(90)": 3.4079,
            "p(95)": 3.4079
        },
        "http_req_failed": {
            "passes": 0,
            "fails": 1,
            "value": 0
        },
        "iterations": {
            "count": 1,
            "rate": 0.9144106175508682
        },
        "http_reqs": {
            "count": 1,
            "rate": 0.9144106175508682
        },
        "http_req_waiting": {
            "avg": 42.3836,
            "min": 42.3836,
            "med": 42.3836,
            "max": 42.3836,
            "p(90)": 42.3836,
            "p(95)": 42.3836
        },
        "checks": {
            "passes": 1,
            "fails": 11,
            "value": 0.08333333333333333
        },
        "data_sent": {
            "count": 676,
            "rate": 618.1415774643868
        },
        "vus": {
            "value": 1,
            "min": 1,
            "max": 1
        },
        "data_received": {
            "count": 4500,
            "rate": 4114.847778978907
        },
        "dropped_iterations": {
            "count": 1,
            "rate": 0.9144106175508682
        },
        "http_req_receiving": {
            "avg": 0,
            "min": 0,
            "med": 0,
            "max": 0,
            "p(90)": 0,
            "p(95)": 0
        },
        "vus_max": {
            "max": 1,
            "value": 1,
            "min": 1
        },
        "http_req_duration{expected_response:true}": {
            "avg": 42.9321,
            "min": 42.9321,
            "med": 42.9321,
            "max": 42.9321,
            "p(90)": 42.9321,
            "p(95)": 42.9321
        }
    },
    "root_group": {
        "name": "",
        "path": "",
        "id": "d41d8cd98f00b204e9800998ecf8427e",
        "groups": {},
        "checks": {
                "200 OK": {
                    "name": "200 OK",
                    "path": "::200 OK",
                    "id": "e9654c443eff553da9e69eda7007924e",
                    "passes": 1,
                    "fails": 0
                },
                "201 Created": {
                    "passes": 0,
                    "fails": 1,
                    "name": "201 Created",
                    "path": "::201 Created",
                    "id": "728dcd977aae263ca314731145e1d447"
                },
                "204 No Content": {
                    "id": "54fa3c2eda34e1622fda2da5e0479fc5",
                    "passes": 0,
                    "fails": 1,
                    "name": "204 No Content",
                    "path": "::204 No Content"
                },
                "400 Bad Request": {
                    "id": "eeae81934b9b58bccaf0184a6d070338",
                    "passes": 0,
                    "fails": 1,
                    "name": "400 Bad Request",
                    "path": "::400 Bad Request"
                },
                "401 Unauthorized": {
                    "path": "::401 Unauthorized",
                    "id": "6ae9254e6aefe7f0bafe5102fa7e20a5",
                    "passes": 0,
                    "fails": 1,
                    "name": "401 Unauthorized"
                },
                "403 Forbidden": {
                    "name": "403 Forbidden",
                    "path": "::403 Forbidden",
                    "id": "655548b761742c5a7ad15aa7df3a5d9c",
                    "passes": 0,
                    "fails": 1
                },
                "404 Not Found": {
                    "name": "404 Not Found",
                    "path": "::404 Not Found",
                    "id": "df1528f9925ca236bac51008f77b774a",
                    "passes": 0,
                    "fails": 1
                },
                "429 Too Many Requests": {
                    "name": "429 Too Many Requests",
                    "path": "::429 Too Many Requests",
                    "id": "b810c35b9499cc7342fd415032e3a6aa",
                    "passes": 0,
                    "fails": 1
                },
                "500 Internal Server Error": {
                    "name": "500 Internal Server Error",
                    "path": "::500 Internal Server Error",
                    "id": "3cd96245b24e869810efe46d533b0eef",
                    "passes": 0,
                    "fails": 1
                },
                "502 Bad Gateway": {
                    "id": "712cb0ec189a11f31f0d6d0c0031b569",
                    "passes": 0,
                    "fails": 1,
                    "name": "502 Bad Gateway",
                    "path": "::502 Bad Gateway"
                },
                "503 Service Unavailable": {
                    "name": "503 Service Unavailable",
                    "path": "::503 Service Unavailable",
                    "id": "f1ea1a22be0dc738c385523a66ea1cd9",
                    "passes": 0,
                    "fails": 1
                },
                "504 Gateway Timeout": {
                    "fails": 1,
                    "name": "504 Gateway Timeout",
                    "path": "::504 Gateway Timeout",
                    "id": "218efb729cb654723ccd57c6ebbebe29",
                    "passes": 0
                }
            }
    }
}